<?xml version="1.0" encoding="UTF-8" ?>
<!DOCTYPE configuration
		PUBLIC "-//mybatis.org//DTD Config 3.0//EN"
		"http://mybatis.org/dtd/mybatis-3-config.dtd">
<configuration>
	<settings>
		<setting name="mapUnderscoreToCamelCase" value="true"/>
	</settings>

	<!--<plugins>-->
		<!--<plugin interceptor="com.fx.core.dataSource.pagingDialect.PagingIntercept">-->
			<!--<property name="dialect" value="com.fx.core.dataSource.pagingDialect.MySqlPagingDialect"/>-->
		<!--</plugin>-->
	<!--</plugins>-->
</configuration>