<?xml version="1.0" encoding="UTF-8"?>
<!DOCTYPE log4j:configuration SYSTEM "log4j.dtd">
<log4j:configuration xmlns:log4j="http://jakarta.apache.org/log4j/" >
	<appender name="STDOUT" class="org.apache.log4j.ConsoleAppender">
	  <layout class="org.apache.log4j.PatternLayout">
	   <param name="ConversionPattern"
	    value="%d [%t] %-5p %c{2} - %m%n" />
	  </layout>
	  <filter class="org.apache.log4j.varia.LevelRangeFilter">
	   <param name="LevelMin" value="debug" />
	   <param name="LevelMax" value="error" />
	  </filter>
	 </appender>
	<!-- 正常的日记文件INFO  WARN  -->
	<appender name="Access" class="org.apache.log4j.RollingFileAppender">
		<param name="File" value="S:/private/logs/crm.log" />
		<param name="Append" value="false" />
		<param name="maxFileSize" value="50MB" />
		<param name="maxBackupIndex" value="100" />
		<param name="Threshold" value="INFO" />
		<layout class="org.apache.log4j.PatternLayout">
			<param name="ConversionPattern" value="%d [%t] %-5p %c{2} - %m%n" />
		</layout>
	</appender>
	
	<!-- 出错的日记文件ERROR  FATAL -->
	<appender name="Error" class="org.apache.log4j.RollingFileAppender">
		<param name="Append" value="false" />
		<param name="File" value="${catalina.home}/webapps/crm/logs/error.log" />
		<param name="maxFileSize" value="50MB" />
		<param name="maxBackupIndex" value="100" />
		<layout class="org.apache.log4j.PatternLayout">
			<param name="ConversionPattern" value="%d [%t] %p - %m%n" />
		</layout>
		<filter class="org.apache.log4j.varia.LevelRangeFilter">
			<param name="LevelMin" value="ERROR" />
			<param name="LevelMax" value="ERROR" />
			<param name="AcceptOnMatch" value="true" />
		</filter>
	</appender>
	<!-- SQL控制台语句记录  -->
	<appender name="SqlConsole" class="org.apache.log4j.ConsoleAppender">
		<layout class="org.apache.log4j.PatternLayout">
			<param name="ConversionPattern" value="%d [%t] %p - %m%n" />
		</layout>
		<filter class="org.apache.log4j.varia.LevelRangeFilter">
			<param name="LevelMin" value="DEBUG" />
			<param name="LevelMax" value="DEBUG" />
		</filter>
	</appender>
	
	<!-- SQL文件语句记录  -->
	<appender name="SqlFile" class="org.apache.log4j.RollingFileAppender">
		<param name="Append" value="false" />
		<param name="File" value="${catalina.home}/webapps/crm/logs/sql.log" />
		<param name="maxFileSize" value="50MB" />
		<param name="maxBackupIndex" value="100" />
		<layout class="org.apache.log4j.PatternLayout">
			<param name="ConversionPattern" value="%d [%t] %p - %m%n" />
		</layout>
		<filter class="org.apache.log4j.varia.LevelRangeFilter">
			<param name="LevelMin" value="DEBUG" />
			<param name="LevelMax" value="DEBUG" />
		</filter>
		</appender>

	<root>
		<level value="info"/>
		 <appender-ref ref="Access" />  
		 <appender-ref ref="STDOUT" />  
		<appender-ref ref="Error" />
		<appender-ref ref="SqlFile" />
		<appender-ref ref="SqlConsole" />
	</root>
</log4j:configuration>