<?xml version="1.0" encoding="UTF-8"?>
<beans xmlns="http://www.springframework.org/schema/beans"
       xmlns:xsi="http://www.w3.org/2001/XMLSchema-instance"
       xmlns:p="http://www.springframework.org/schema/p"
       xsi:schemaLocation="http://www.springframework.org/schema/beans
    			http://www.springframework.org/schema/beans/spring-beans-3.1.xsd
    			">

    <!-- dataSourceproxy 配置代理管理事务 -->
    <bean id="dataSource" class="org.springframework.jdbc.datasource.TransactionAwareDataSourceProxy" p:targetDataSource-ref="dynamicDataSource" />



    <!-- dataSource 多数据源支持-->
    <bean id="dynamicDataSource" class="com.fx.core.dataSource.sessionFactory.DynamicDataSource">
        <property name="targetDataSources">
            <map key-type="java.lang.String">
                <entry key="dataSource" value-ref="dataSourceDruid" />
                <entry key="dataSourceC3p0" value-ref="dataSourceDruidMiddle"></entry>
            </map>
        </property>
        <property name="defaultTargetDataSource" ref="dataSourceDruid"/>
    </bean>

    <!-- c3p0数据源配置  -->
    <bean id="dataSourceDruidMiddle" class="com.alibaba.druid.pool.DruidDataSource"
          destroy-method="close">
        <property name="url" value="${jdbc.url}" />
        <property name="username" value="${jdbc.username}" />
        <property name="password" value="${jdbc.password}" />
        <property name="driverClassName" value="${jdbc.driverClassName}" />
        <property name="filters" value="${DruidFilters}" />
        <property name="maxActive" value="${maxActive}" />
        <property name="initialSize" value="${initialSize}" />
        <property name="maxWait" value="${maxWait}" />
        <!--<property name="minIdle" value="${minIdle}" />-->
        <property name="timeBetweenEvictionRunsMillis" value="${timeBetweenEvictionRunsMillis}" />
        <property name="minEvictableIdleTimeMillis" value="${minEvictableIdleTimeMillis}" />
        <property name="validationQuery" value="${validationQuery}" />
        <property name="testWhileIdle" value="${testWhileIdle}" />
        <property name="testOnBorrow" value="${testOnBorrow}" />
        <property name="testOnReturn" value="${testOnReturn}" />
        <property name="maxOpenPreparedStatements" value="${maxOpenPreparedStatements}" />
        <property name="removeAbandoned" value="${removeAbandoned}" /> <!-- 打开removeAbandoned功能 -->
        <property name="removeAbandonedTimeout" value="${removeAbandonedTimeout}" /> <!-- 1800秒，也就是30分钟 -->
        <property name="logAbandoned" value="${logAbandoned}" /> <!-- 关闭abanded连接时输出错误日志 -->
        <property name="proxyFilters">
            <list>
                <ref bean="log-filter"/>
            </list>
        </property>
    </bean>
    <bean id="dataSourceDruid" class="com.alibaba.druid.pool.DruidDataSource"
          destroy-method="close">
        <property name="url" value="${jdbc.url.master}" />
        <property name="username" value="${jdbc.username.master}" />
        <property name="password" value="${jdbc.password.master}" />
        <property name="driverClassName" value="${jdbc.driverClassName}" />
        <property name="filters" value="${DruidFilters}" />
        <property name="maxActive" value="${maxActive}" />
        <property name="initialSize" value="${initialSize}" />
        <property name="maxWait" value="${maxWait}" />
        <!--<property name="minIdle" value="${minIdle}" />-->
        <property name="timeBetweenEvictionRunsMillis" value="${timeBetweenEvictionRunsMillis}" />
        <property name="minEvictableIdleTimeMillis" value="${minEvictableIdleTimeMillis}" />
        <property name="validationQuery" value="${validationQuery}" />
        <property name="testWhileIdle" value="${testWhileIdle}" />
        <property name="testOnBorrow" value="${testOnBorrow}" />
        <property name="testOnReturn" value="${testOnReturn}" />
        <property name="maxOpenPreparedStatements" value="${maxOpenPreparedStatements}" />
        <property name="removeAbandoned" value="${removeAbandoned}" /> <!-- 打开removeAbandoned功能 -->
        <property name="removeAbandonedTimeout" value="${removeAbandonedTimeout}" /> <!-- 1800秒，也就是30分钟 -->
        <property name="logAbandoned" value="${logAbandoned}" /> <!-- 关闭abanded连接时输出错误日志 -->
        <property name="proxyFilters">
            <list>
                <ref bean="log-filter"/>
            </list>
        </property>
    </bean>

    <bean id="log-filter" class="com.alibaba.druid.filter.logging.Log4jFilter">
        <property name="resultSetLogEnabled" value="false" />
    </bean>


    <bean id="sqlSessionFactory" class="org.mybatis.spring.SqlSessionFactoryBean">
        <property name="configLocation" value="/WEB-INF/conf/mybatis.xml"></property>
        <property name="mapperLocations" value="classpath:"></property>
        <property name="dataSource" value="dataSource"></property>
    </bean>

    <!---->
    <bean id="transactionManager" class="org.springframework.jdbc.datasource.DataSourceTransactionManager">
        <property name="dataSource" ref="dataSource"></property>
        <!--部分错误 全局回滚-->
        <!--<property name="globalRollbackOnParticipationFailure" value="false" />-->
    </bean>


    <!--申明式事物  拦截器方式配置-->
    <bean id="transactionInterceptor" class="org.springframework.transaction.interceptor.TransactionInterceptor">
         <property name="transactionManager" ref="transactionManager"></property>
         <property name="transactionAttributes">
             <props>
                 <prop key="*Next*">PROPAGATION_REQUIRED</prop>
                 <prop key="*Start*">PROPAGATION_REQUIRED</prop>
                 <prop key="find*">PROPAGATION_REQUIRED,readOnly</prop>
                 <prop key="query*">PROPAGATION_REQUIRED</prop>
                 <prop key="get*">PROPAGATION_REQUIRED</prop>
                 <prop key="load*">PROPAGATION_REQUIRED,readOnly</prop>
                 <prop key="save*">PROPAGATION_REQUIRED</prop>
                 <prop key="add*">PROPAGATION_REQUIRED</prop>
                 <prop key="update*">PROPAGATION_REQUIRED</prop>
                 <prop key="insert*">PROPAGATION_REQUIRED</prop>
                 <prop key="delete*">PROPAGATION_REQUIRED</prop>
                 <prop key="handle*">PROPAGATION_REQUIRED</prop>
                 <prop key="freeze*">PROPAGATION_REQUIRED</prop>
                 <prop key="free*">PROPAGATION_REQUIRED</prop>
                 <prop key="do*">PROPAGATION_REQUIRED</prop>
                 <prop key="*Remove">PROPAGATION_REQUIRED</prop>
                 <prop key="clear*">PROPAGATION_REQUIRED</prop>
                 <!-- 调用中间库
                 <prop key="*">PROPAGATION_REQUIRED</prop>
                  -->
             </props>
         </property>
    </bean>

    <!-- 定义BeanNameAutoProxyCreator -->
    <bean id="serviceProxy" class="org.springframework.aop.framework.autoproxy.BeanNameAutoProxyCreator">
        <property name="beanNames">
            <value>*Service</value>
        </property>
        <property name="interceptorNames">
            <list>
                <value>transactionInterceptor</value>
            </list>
        </property>
    </bean>


</beans>